id;identification;birthdate;profile_picture;signature_picture;signature_code;state;creation_date;phone;identification_type
1;Interactions Unbranded Plastic Sausages open system;2020-11-02T21:01:46;strategic virtual;../fake-data/blob/hipster.txt;../fake-data/blob/hipster.txt;true;2020-11-02T20:17:24;1-190-847-3410 x185;Extranjera
2;archive synthesize;2020-11-02T06:30:35;JSON Fresh value-added;../fake-data/blob/hipster.txt;../fake-data/blob/hipster.txt;true;2020-11-02T18:26:25;290.211.0090 x6680;Extranjera
3;strategize;2020-11-02T12:38:19;Rubber purple EXE;../fake-data/blob/hipster.txt;../fake-data/blob/hipster.txt;true;2020-11-02T12:22:18;(251) 291-9364 x811;Extranjera
4;back-end attitude-oriented;2020-11-02T07:28:38;District recontextualize recontextualize;../fake-data/blob/hipster.txt;../fake-data/blob/hipster.txt;false;2020-11-02T17:56:51;705.922.8191;Nacional
5;Intelligent Fresh Shirt invoice Bedfordshire;2020-11-02T10:31:15;Berkshire;../fake-data/blob/hipster.txt;../fake-data/blob/hipster.txt;true;2020-11-02T16:08:17;615.238.4795 x268;Nacional
6;budgetary management;2020-11-02T10:25:16;impactful;../fake-data/blob/hipster.txt;../fake-data/blob/hipster.txt;true;2020-11-02T06:39:48;427-286-6395 x69908;Extranjera
7;interfaces Planner;2020-11-02T04:34:13;Grocery Parks;../fake-data/blob/hipster.txt;../fake-data/blob/hipster.txt;false;2020-11-03T01:12:27;846-955-2995 x3776;Extranjera
8;copying Borders;2020-11-03T02:50:35;IB;../fake-data/blob/hipster.txt;../fake-data/blob/hipster.txt;false;2020-11-03T01:51:08;1-630-406-7571;Extranjera
9;copying input;2020-11-03T00:36:30;fuchsia;../fake-data/blob/hipster.txt;../fake-data/blob/hipster.txt;false;2020-11-03T03:41:13;(708) 362-9251 x4253;Extranjera
10;Moldovan Leu Arizona;2020-11-03T03:55:51;Incredible Cotton Bike Steel Estate;../fake-data/blob/hipster.txt;../fake-data/blob/hipster.txt;false;2020-11-03T00:58:19;761.854.6468 x899;Extranjera
